<?xml version="1.0" encoding="UTF-8"?>
<MF0 version="1.1" packageUris="http://schema.mathworks.com/mf0/ci/19700101 http://schema.mathworks.com/mf0/sl_modelref_info/R2022b http://schema.mathworks.com/mf0/slexec_mm_sto/R2022b_202202091112 http://schema.mathworks.com/mf0/sltp_mm/R2022b_202203181029">
  <ModelRefInfoRepo.ModelRefInfoRoot type="ModelRefInfoRepo.ModelRefInfoRoot" uuid="41658088-961f-477f-a3b9-2f9c1a445104">
    <JITEngines>sKRl2xRoBnLIwTh00FG50lC</JITEngines>
    <JITEngines>saUWCdtIqHNZs9ZI18DIrWC</JITEngines>
    <JITEngines>samYDtxRYsp49R2aOub2gPC</JITEngines>
    <JITEngines>sfIxXrPOazqFoScEIE2xC9G</JITEngines>
    <childModelRefInfo type="ModelRefInfoRepo.ChildModelRefInfo" uuid="0dd022f4-b97b-455b-bab7-1b12a82ba2dc">
      <modelName>series_link_blance_leg</modelName>
      <modelPath>series_link_blance_leg</modelPath>
    </childModelRefInfo>
    <dataTransferInfos>AAFJTQAAAAAOAAAAOAAAAAYAAAAIAAAAAgAAAAAAAAAFAAAACAAAAAAAAAABAAAAAQAAAAAAAAAFAAQAAQAAAAEAAAAAAAAA</dataTransferInfos>
    <defaultsCMapping>{&quot;Inports&quot;:&quot;{\&quot;Name\&quot;:\&quot;Default\&quot;,\&quot;Checksum\&quot;:\&quot;Default\&quot;,\&quot;PerInstancePropertiesChecksum\&quot;:\&quot;\&quot;,\&quot;MemorySectionName\&quot;:\&quot;\&quot;,\&quot;MemorySectionChecksum\&quot;:\&quot;\&quot;}&quot;,&quot;Outports&quot;:&quot;{\&quot;Name\&quot;:\&quot;Default\&quot;,\&quot;Checksum\&quot;:\&quot;Default\&quot;,\&quot;PerInstancePropertiesChecksum\&quot;:\&quot;\&quot;,\&quot;MemorySectionName\&quot;:\&quot;\&quot;,\&quot;MemorySectionChecksum\&quot;:\&quot;\&quot;}&quot;,&quot;ParameterArguments&quot;:&quot;{\&quot;Name\&quot;:\&quot;Default\&quot;,\&quot;Checksum\&quot;:\&quot;Default\&quot;,\&quot;PerInstancePropertiesChecksum\&quot;:\&quot;\&quot;,\&quot;MemorySectionName\&quot;:\&quot;None\&quot;,\&quot;MemorySectionChecksum\&quot;:\&quot;None\&quot;}&quot;,&quot;LocalParameters&quot;:&quot;{\&quot;Name\&quot;:\&quot;Default\&quot;,\&quot;Checksum\&quot;:\&quot;Default\&quot;,\&quot;PerInstancePropertiesChecksum\&quot;:\&quot;\&quot;,\&quot;MemorySectionName\&quot;:\&quot;\&quot;,\&quot;MemorySectionChecksum\&quot;:\&quot;\&quot;}&quot;,&quot;GlobalParameters&quot;:&quot;{\&quot;Name\&quot;:\&quot;Default\&quot;,\&quot;Checksum\&quot;:\&quot;Default\&quot;,\&quot;PerInstancePropertiesChecksum\&quot;:\&quot;\&quot;,\&quot;MemorySectionName\&quot;:\&quot;\&quot;,\&quot;MemorySectionChecksum\&quot;:\&quot;\&quot;}&quot;,&quot;InternalData&quot;:&quot;{\&quot;Name\&quot;:\&quot;Default\&quot;,\&quot;Checksum\&quot;:\&quot;Default\&quot;,\&quot;PerInstancePropertiesChecksum\&quot;:\&quot;\&quot;,\&quot;MemorySectionName\&quot;:\&quot;\&quot;,\&quot;MemorySectionChecksum\&quot;:\&quot;\&quot;}&quot;,&quot;SharedLocalDataStores&quot;:&quot;{\&quot;Name\&quot;:\&quot;Default\&quot;,\&quot;Checksum\&quot;:\&quot;Default\&quot;,\&quot;PerInstancePropertiesChecksum\&quot;:\&quot;\&quot;,\&quot;MemorySectionName\&quot;:\&quot;None\&quot;,\&quot;MemorySectionChecksum\&quot;:\&quot;None\&quot;}&quot;,&quot;GlobalDataStores&quot;:&quot;{\&quot;Name\&quot;:\&quot;Default\&quot;,\&quot;Checksum\&quot;:\&quot;Default\&quot;,\&quot;PerInstancePropertiesChecksum\&quot;:\&quot;\&quot;,\&quot;MemorySectionName\&quot;:\&quot;None\&quot;,\&quot;MemorySectionChecksum\&quot;:\&quot;None\&quot;}&quot;,&quot;Constants&quot;:&quot;{\&quot;Name\&quot;:\&quot;Default\&quot;,\&quot;Checksum\&quot;:\&quot;Default\&quot;,\&quot;PerInstancePropertiesChecksum\&quot;:\&quot;\&quot;,\&quot;MemorySectionName\&quot;:\&quot;\&quot;,\&quot;MemorySectionChecksum\&quot;:\&quot;\&quot;}&quot;,&quot;DataTransfers&quot;:&quot;{\&quot;Name\&quot;:\&quot;Default\&quot;,\&quot;Checksum\&quot;:\&quot;Default\&quot;,\&quot;PerInstancePropertiesChecksum\&quot;:\&quot;\&quot;,\&quot;MemorySectionName\&quot;:\&quot;None\&quot;,\&quot;MemorySectionChecksum\&quot;:\&quot;None\&quot;}&quot;,&quot;ModelData&quot;:&quot;{\&quot;Name\&quot;:\&quot;Default\&quot;,\&quot;Checksum\&quot;:\&quot;Default\&quot;,\&quot;PerInstancePropertiesChecksum\&quot;:\&quot;\&quot;,\&quot;MemorySectionName\&quot;:\&quot;None\&quot;,\&quot;MemorySectionChecksum\&quot;:\&quot;None\&quot;}&quot;,&quot;InitializeTerminate&quot;:&quot;{\&quot;Name\&quot;:\&quot;Default\&quot;,\&quot;Checksum\&quot;:\&quot;Default\&quot;,\&quot;PerInstancePropertiesChecksum\&quot;:\&quot;\&quot;,\&quot;MemorySectionName\&quot;:\&quot;\&quot;,\&quot;MemorySectionChecksum\&quot;:\&quot;\&quot;}&quot;,&quot;Execution&quot;:&quot;{\&quot;Name\&quot;:\&quot;Default\&quot;,\&quot;Checksum\&quot;:\&quot;Default\&quot;,\&quot;PerInstancePropertiesChecksum\&quot;:\&quot;\&quot;,\&quot;MemorySectionName\&quot;:\&quot;\&quot;,\&quot;MemorySectionChecksum\&quot;:\&quot;\&quot;}&quot;,&quot;SharedUtility&quot;:&quot;{\&quot;Name\&quot;:\&quot;Default\&quot;,\&quot;Checksum\&quot;:\&quot;Default\&quot;,\&quot;PerInstancePropertiesChecksum\&quot;:\&quot;\&quot;,\&quot;MemorySectionName\&quot;:\&quot;\&quot;,\&quot;MemorySectionChecksum\&quot;:\&quot;\&quot;}&quot;}</defaultsCMapping>
    <globalVariables>a11</globalVariables>
    <globalVariables>a12</globalVariables>
    <globalVariables>a13</globalVariables>
    <globalVariables>a14</globalVariables>
    <hasBlockUsingZOHContinuousSampleTime>true</hasBlockUsingZOHContinuousSampleTime>
    <hasBwsAccessed>true</hasBwsAccessed>
    <hasBwsAccessedByAnyModel>true</hasBwsAccessedByAnyModel>
    <hasContinuousSampleTime>true</hasContinuousSampleTime>
    <hasInlineVariantBlock>true</hasInlineVariantBlock>
    <hasNonVirtualParameterChangeEvents>true</hasNonVirtualParameterChangeEvents>
    <hasNoncontSigFeedingDerivPorts>true</hasNoncontSigFeedingDerivPorts>
    <hasVariantModelOrSubsystem>true</hasVariantModelOrSubsystem>
    <loggingSaveFormat>2</loggingSaveFormat>
    <massMatrixNzMax>37</massMatrixNzMax>
    <maxFreqHz>-1.0</maxFreqHz>
    <needAbsoluteTimeDisallowInitPort>true</needAbsoluteTimeDisallowInitPort>
    <numCStateRecs>37</numCStateRecs>
    <numContinuousStates>37</numContinuousStates>
    <numDStateRecs>4</numDStateRecs>
    <numDataInputPorts>0</numDataInputPorts>
    <numLoggableCStateRecs>37</numLoggableCStateRecs>
    <numLoggableDStateRecs>4</numLoggableDStateRecs>
    <numLoggableJacobianDStates>8</numLoggableJacobianDStates>
    <runtimeNonFcnCallRateInfos type="ModelRefInfoRepo.RateInfo">
      <compiled>true</compiled>
      <period>0.0</period>
      <priority>40</priority>
      <rateIdx>0</rateIdx>
    </runtimeNonFcnCallRateInfos>
    <runtimeNonFcnCallRateInfos type="ModelRefInfoRepo.RateInfo">
      <compiled>true</compiled>
      <needAbsoluteTime>true</needAbsoluteTime>
      <offset>1.0</offset>
      <period>0.0</period>
      <priority>40</priority>
      <rateIdx>1</rateIdx>
    </runtimeNonFcnCallRateInfos>
    <sampleTimeInheritanceRule>2</sampleTimeInheritanceRule>
    <solverStatusFlags>321</solverStatusFlags>
    <solverUpdateJacobianAtReset>true</solverUpdateJacobianAtReset>
    <timingAndTaskingRegistry>&lt;?xml version=&quot;1.0&quot;?&gt;
&lt;slexec_sto version=&quot;1.1&quot; packageUris=&quot;http://schema.mathworks.com/mf0/slexec_mm_sto/R2022b_202202091112&quot;&gt;
  &lt;sto.Registry type=&quot;sto.Registry&quot; uuid=&quot;b50b2921-46f4-4826-a917-f2e7161ec458&quot;&gt;
    &lt;executionSpec&gt;Undetermined&lt;/executionSpec&gt;
    &lt;clockRegistry type=&quot;sto.ClockRegistry&quot; uuid=&quot;941dce3b-80a2-453d-9267-51d9e4eac1f7&quot;&gt;
      &lt;clocks type=&quot;sto.Timer&quot; uuid=&quot;77257b3f-6abb-43d9-a5e4-b6893e5bdfe9&quot;&gt;
        &lt;rates type=&quot;sto.ContinuousRate&quot; uuid=&quot;26bb46df-5a5a-4d5b-9c6b-e3a237b1154c&quot;&gt;
          &lt;annotation&gt;Cont&lt;/annotation&gt;
          &lt;description&gt;连续&lt;/description&gt;
          &lt;taskId&gt;_task0&lt;/taskId&gt;
          &lt;rateSpec type=&quot;sto.RateSpec&quot; uuid=&quot;87b9ce18-9a61-4185-bc26-f43c52b53977&quot;/&gt;
        &lt;/rates&gt;
        &lt;rates type=&quot;sto.ZOHContinuousRate&quot; uuid=&quot;7fc29877-8263-49ba-9496-93198362c8b4&quot;&gt;
          &lt;annotation&gt;FiM&lt;/annotation&gt;
          &lt;colorIndex&gt;8&lt;/colorIndex&gt;
          &lt;description&gt;子步中不变&lt;/description&gt;
          &lt;rateIdx&gt;1&lt;/rateIdx&gt;
          &lt;taskId&gt;_task0&lt;/taskId&gt;
          &lt;rateSpec type=&quot;sto.RateSpec&quot; uuid=&quot;bbec0a8c-1e47-494c-9979-5f2f801e5ac9&quot;&gt;
            &lt;offset&gt;1.0&lt;/offset&gt;
            &lt;rateType&gt;ZOHContinuous&lt;/rateType&gt;
          &lt;/rateSpec&gt;
        &lt;/rates&gt;
        &lt;baseRate type=&quot;sto.ContinuousRate&quot; uuid=&quot;f0439e92-9312-4dcf-9f7a-967f4d24a98c&quot;&gt;
          &lt;annotation&gt;Cont&lt;/annotation&gt;
          &lt;description&gt;连续&lt;/description&gt;
          &lt;taskId&gt;_task0&lt;/taskId&gt;
          &lt;rateSpec type=&quot;sto.RateSpec&quot; uuid=&quot;6688eda8-ebd8-4b29-92b6-94a8a5294376&quot;/&gt;
        &lt;/baseRate&gt;
      &lt;/clocks&gt;
      &lt;clocks type=&quot;sto.Event&quot; uuid=&quot;9cb2f133-bcb1-4434-b2ce-8a119d70658d&quot;&gt;
        &lt;eventType&gt;PARAMETER_CHANGE_EVENT&lt;/eventType&gt;
        &lt;cNum&gt;1&lt;/cNum&gt;
        &lt;clockType&gt;Event&lt;/clockType&gt;
        &lt;identifier&gt;ParameterChangeEvent&lt;/identifier&gt;
        &lt;rates type=&quot;sto.ModelWideEventRate&quot; uuid=&quot;b87da8ce-6893-4a3f-8e13-009ab3daffa3&quot;&gt;
          &lt;annotation&gt;Inf&lt;/annotation&gt;
          &lt;clockId&gt;ParameterChangeEvent&lt;/clockId&gt;
          &lt;colorIndex&gt;6&lt;/colorIndex&gt;
          &lt;description&gt;常量&lt;/description&gt;
          &lt;rateIdx&gt;2&lt;/rateIdx&gt;
          &lt;taskId&gt;ModelWideParameterChangeEvent&lt;/taskId&gt;
          &lt;rateSpec type=&quot;sto.RateSpec&quot; uuid=&quot;fa1715f8-5804-488e-81a9-5919a3f3223b&quot;&gt;
            &lt;period&gt;inf&lt;/period&gt;
            &lt;rateType&gt;ModelWideParameterChangeEvent&lt;/rateType&gt;
          &lt;/rateSpec&gt;
        &lt;/rates&gt;
      &lt;/clocks&gt;
    &lt;/clockRegistry&gt;
    &lt;taskRegistry type=&quot;sto.TaskRegistry&quot; uuid=&quot;9422ce46-8c0f-4e0d-bd30-bd1b0f3aa837&quot;&gt;
      &lt;hasUnknownEdges&gt;true&lt;/hasUnknownEdges&gt;
      &lt;rootTaskHierarchyElements type=&quot;sto.Task&quot; uuid=&quot;2f58970e-3616-4ec9-b154-a4d77ff363b7&quot;&gt;
        &lt;isExecutable&gt;true&lt;/isExecutable&gt;
        &lt;isExplicit&gt;true&lt;/isExplicit&gt;
        &lt;rates type=&quot;sto.ModelWideEventRate&quot; uuid=&quot;5ded0344-80b2-4b78-b488-5babb44ac00d&quot;&gt;
          &lt;annotation&gt;Inf&lt;/annotation&gt;
          &lt;clockId&gt;ParameterChangeEvent&lt;/clockId&gt;
          &lt;colorIndex&gt;6&lt;/colorIndex&gt;
          &lt;description&gt;常量&lt;/description&gt;
          &lt;rateIdx&gt;2&lt;/rateIdx&gt;
          &lt;taskId&gt;ModelWideParameterChangeEvent&lt;/taskId&gt;
          &lt;rateSpec type=&quot;sto.RateSpec&quot; uuid=&quot;6537f99c-8693-48c8-8207-5fceb91e6b6e&quot;&gt;
            &lt;period&gt;inf&lt;/period&gt;
            &lt;rateType&gt;ModelWideParameterChangeEvent&lt;/rateType&gt;
          &lt;/rateSpec&gt;
        &lt;/rates&gt;
        &lt;schedulingClockId&gt;ParameterChangeEvent&lt;/schedulingClockId&gt;
        &lt;tNum&gt;1&lt;/tNum&gt;
        &lt;elementType&gt;Task&lt;/elementType&gt;
        &lt;identifier&gt;ModelWideParameterChangeEvent&lt;/identifier&gt;
        &lt;priority&gt;-1&lt;/priority&gt;
      &lt;/rootTaskHierarchyElements&gt;
      &lt;rootTaskHierarchyElements type=&quot;sto.Task&quot; uuid=&quot;44bfb870-affd-4ea2-8dee-506c645324be&quot;&gt;
        &lt;isExecutable&gt;true&lt;/isExecutable&gt;
        &lt;orderIndex&gt;1&lt;/orderIndex&gt;
        &lt;rates type=&quot;sto.ContinuousRate&quot; uuid=&quot;3b847692-389a-40f8-9ef7-9e06cfb6f664&quot;&gt;
          &lt;annotation&gt;Cont&lt;/annotation&gt;
          &lt;description&gt;连续&lt;/description&gt;
          &lt;taskId&gt;_task0&lt;/taskId&gt;
          &lt;rateSpec type=&quot;sto.RateSpec&quot; uuid=&quot;0105a722-ab87-404a-982f-cc1e99c4375f&quot;/&gt;
        &lt;/rates&gt;
        &lt;rates type=&quot;sto.ZOHContinuousRate&quot; uuid=&quot;a463220b-57f6-4b37-a3b4-122a2eb90c4f&quot;&gt;
          &lt;annotation&gt;FiM&lt;/annotation&gt;
          &lt;colorIndex&gt;8&lt;/colorIndex&gt;
          &lt;description&gt;子步中不变&lt;/description&gt;
          &lt;rateIdx&gt;1&lt;/rateIdx&gt;
          &lt;taskId&gt;_task0&lt;/taskId&gt;
          &lt;rateSpec type=&quot;sto.RateSpec&quot; uuid=&quot;ea73d94f-723f-40cb-877b-636dc991bbb3&quot;&gt;
            &lt;offset&gt;1.0&lt;/offset&gt;
            &lt;rateType&gt;ZOHContinuous&lt;/rateType&gt;
          &lt;/rateSpec&gt;
        &lt;/rates&gt;
        &lt;elementType&gt;Task&lt;/elementType&gt;
        &lt;identifier&gt;_task0&lt;/identifier&gt;
        &lt;priority&gt;40&lt;/priority&gt;
      &lt;/rootTaskHierarchyElements&gt;
      &lt;taskDependencyGraph type=&quot;sto.SerializedTaskConnectionList&quot; uuid=&quot;71d76e1b-2da9-4347-a6b6-a07c72a9798f&quot;&gt;
        &lt;taskIdentifier&gt;_task0&lt;/taskIdentifier&gt;
      &lt;/taskDependencyGraph&gt;
      &lt;taskDependencyGraph type=&quot;sto.SerializedTaskConnectionList&quot; uuid=&quot;6ae4887a-89a2-4168-bebb-7ad3cb35a1ad&quot;&gt;
        &lt;clockIdentifier&gt;ParameterChangeEvent&lt;/clockIdentifier&gt;
        &lt;serializedConnectionProperties type=&quot;sto.SerializedConnectionProperties&quot; uuid=&quot;a2b1b339-80de-471c-932d-fc1c06876b58&quot;&gt;
          &lt;targetTaskIdentifier&gt;_task0&lt;/targetTaskIdentifier&gt;
        &lt;/serializedConnectionProperties&gt;
        &lt;taskIdentifier&gt;ModelWideParameterChangeEvent&lt;/taskIdentifier&gt;
      &lt;/taskDependencyGraph&gt;
      &lt;taskPriorityDirection&gt;HighNumberLast&lt;/taskPriorityDirection&gt;
    &lt;/taskRegistry&gt;
  &lt;/sto.Registry&gt;
&lt;/slexec_sto&gt;</timingAndTaskingRegistry>
    <zeroCrossingInfo type="ModelRefInfoRepo.ZeroCrossingInfo" uuid="e0296386-073e-4095-bec0-f055f9e43b51">
      <direction>7</direction>
      <isDiscrete>false</isDiscrete>
      <name>StepTime</name>
      <tolerance>-1.0</tolerance>
      <width>1</width>
    </zeroCrossingInfo>
    <zeroCrossingInfo type="ModelRefInfoRepo.ZeroCrossingInfo" uuid="4099f1a5-2b81-4ec6-9115-4e395352ef5e">
      <direction>7</direction>
      <isDiscrete>false</isDiscrete>
      <name>StepTime</name>
      <tolerance>-1.0</tolerance>
      <width>1</width>
    </zeroCrossingInfo>
    <zeroCrossingInfo type="ModelRefInfoRepo.ZeroCrossingInfo" uuid="4b0e36fe-2e7a-47e3-aa9e-b79471da6dac">
      <direction>7</direction>
      <isDiscrete>false</isDiscrete>
      <name>StepTime</name>
      <tolerance>-1.0</tolerance>
      <width>1</width>
    </zeroCrossingInfo>
    <zeroCrossingInfo type="ModelRefInfoRepo.ZeroCrossingInfo" uuid="2070a811-5ffd-4696-91cb-3f23dc3257df">
      <direction>7</direction>
      <isDiscrete>false</isDiscrete>
      <name>StepTime</name>
      <tolerance>-1.0</tolerance>
      <width>1</width>
    </zeroCrossingInfo>
    <zeroCrossingInfo type="ModelRefInfoRepo.ZeroCrossingInfo" uuid="a4b123eb-69e2-40c8-bbfb-f4ef6d4805dd">
      <direction>63</direction>
      <isDiscrete>false</isDiscrete>
      <name>UprLim</name>
      <tolerance>-1.0</tolerance>
      <width>1</width>
    </zeroCrossingInfo>
    <zeroCrossingInfo type="ModelRefInfoRepo.ZeroCrossingInfo" uuid="ca6555be-e195-4d4c-a336-fd8978d03901">
      <direction>63</direction>
      <isDiscrete>false</isDiscrete>
      <name>LwrLim</name>
      <tolerance>-1.0</tolerance>
      <width>1</width>
    </zeroCrossingInfo>
    <zeroCrossingInfo type="ModelRefInfoRepo.ZeroCrossingInfo" uuid="1145449a-1ab0-43b4-9ee7-245f5973e8ca">
      <direction>7</direction>
      <isDiscrete>false</isDiscrete>
      <name>StepTime</name>
      <tolerance>-1.0</tolerance>
      <width>1</width>
    </zeroCrossingInfo>
    <zeroCrossingInfo type="ModelRefInfoRepo.ZeroCrossingInfo" uuid="32c996b5-618e-4c78-a1bc-3d2312e14a52">
      <direction>7</direction>
      <isDiscrete>false</isDiscrete>
      <name>StepTime</name>
      <tolerance>-1.0</tolerance>
      <width>1</width>
    </zeroCrossingInfo>
    <zeroCrossingInfo type="ModelRefInfoRepo.ZeroCrossingInfo" uuid="687872e0-18ab-46ce-995c-488bbbfdc366">
      <direction>7</direction>
      <isDiscrete>false</isDiscrete>
      <name>StepTime</name>
      <tolerance>-1.0</tolerance>
      <width>1</width>
    </zeroCrossingInfo>
    <zeroCrossingInfo type="ModelRefInfoRepo.ZeroCrossingInfo" uuid="5ee02d4a-dcb3-4afd-848f-84433b00389a">
      <direction>7</direction>
      <isDiscrete>false</isDiscrete>
      <name>StepTime</name>
      <tolerance>-1.0</tolerance>
      <width>1</width>
    </zeroCrossingInfo>
    <zeroCrossingInfo type="ModelRefInfoRepo.ZeroCrossingInfo" uuid="05d73c83-9918-4ffc-9993-e633e7860ee7">
      <direction>63</direction>
      <isDiscrete>false</isDiscrete>
      <name>UprLim</name>
      <tolerance>-1.0</tolerance>
      <width>1</width>
    </zeroCrossingInfo>
    <zeroCrossingInfo type="ModelRefInfoRepo.ZeroCrossingInfo" uuid="dab03fe5-ada7-41c1-99d1-0ef2a514bfaa">
      <direction>63</direction>
      <isDiscrete>false</isDiscrete>
      <name>LwrLim</name>
      <tolerance>-1.0</tolerance>
      <width>1</width>
    </zeroCrossingInfo>
    <zeroCrossingInfo type="ModelRefInfoRepo.ZeroCrossingInfo" uuid="fa33c25c-3363-4699-b9fb-724570605617">
      <direction>63</direction>
      <isDiscrete>false</isDiscrete>
      <name>UprLim</name>
      <tolerance>-1.0</tolerance>
      <width>1</width>
    </zeroCrossingInfo>
    <zeroCrossingInfo type="ModelRefInfoRepo.ZeroCrossingInfo" uuid="4154a146-8ea2-4fa2-bbed-4ac87d92a57c">
      <direction>63</direction>
      <isDiscrete>false</isDiscrete>
      <name>LwrLim</name>
      <tolerance>-1.0</tolerance>
      <width>1</width>
    </zeroCrossingInfo>
    <zeroCrossingInfo type="ModelRefInfoRepo.ZeroCrossingInfo" uuid="0ccc6761-411a-4709-8bcf-4ddb33fd995b">
      <direction>63</direction>
      <isDiscrete>false</isDiscrete>
      <name>UprLim</name>
      <tolerance>-1.0</tolerance>
      <width>1</width>
    </zeroCrossingInfo>
    <zeroCrossingInfo type="ModelRefInfoRepo.ZeroCrossingInfo" uuid="b7f92833-77b7-4e27-b5d8-40406b091c4e">
      <direction>63</direction>
      <isDiscrete>false</isDiscrete>
      <name>LwrLim</name>
      <tolerance>-1.0</tolerance>
      <width>1</width>
    </zeroCrossingInfo>
    <zeroCrossingInfo type="ModelRefInfoRepo.ZeroCrossingInfo" uuid="ae6c8a9a-7205-438d-82a2-e691d6ee5a71">
      <direction>7</direction>
      <isDiscrete>false</isDiscrete>
      <name>StepTime</name>
      <tolerance>-1.0</tolerance>
      <width>1</width>
    </zeroCrossingInfo>
    <zeroCrossingInfo type="ModelRefInfoRepo.ZeroCrossingInfo" uuid="cda74f73-9fbc-4d5b-bd1e-da63e0433669">
      <direction>7</direction>
      <isDiscrete>false</isDiscrete>
      <name>StepTime</name>
      <tolerance>-1.0</tolerance>
      <width>1</width>
    </zeroCrossingInfo>
    <FMUBlockMap type="ModelRefInfoRepo.FMUBlockInfo" uuid="7b798448-cfcb-4cb3-b4dc-485da89b418a"/>
    <codeGenInfo type="ModelRefInfoRepo.CodeGenInformation" uuid="5ec563b2-9040-44c8-921d-ec3c68bb83f6"/>
    <compiledVariantInfos type="ModelRefInfoRepo.CompiledVariantInfoMap" uuid="1f21f6fa-7d42-43c0-b5ae-94bf1a5cf82c"/>
    <configSettingsForConsistencyChecks type="ModelRefInfoRepo.ConfigSettingsForConsistencyChecks" uuid="53e995fb-d6e0-433b-b0fd-180924fb69b8">
      <consistentOutportInitialization>true</consistentOutportInitialization>
      <frameDiagnosticSetting>2</frameDiagnosticSetting>
      <signalLoggingSaveFormat>2</signalLoggingSaveFormat>
      <simSIMDOptimization>1</simSIMDOptimization>
      <solverName>ode45</solverName>
      <hardwareSettings type="ModelRefInfoRepo.HardwareSettings" uuid="1f71fe31-ca31-4ae2-9c40-311e8eb17a4e">
        <prodBitPerChar>8</prodBitPerChar>
        <prodBitPerDouble>64</prodBitPerDouble>
        <prodBitPerFloat>32</prodBitPerFloat>
        <prodBitPerInt>32</prodBitPerInt>
        <prodBitPerLong>32</prodBitPerLong>
        <prodBitPerLongLong>64</prodBitPerLongLong>
        <prodBitPerPointer>64</prodBitPerPointer>
        <prodBitPerPtrDiffT>64</prodBitPerPtrDiffT>
        <prodBitPerShort>16</prodBitPerShort>
        <prodBitPerSizeT>64</prodBitPerSizeT>
        <prodEndianess>1</prodEndianess>
        <prodShiftRight>true</prodShiftRight>
        <prodWordSize>64</prodWordSize>
      </hardwareSettings>
    </configSettingsForConsistencyChecks>
    <controllableInputRatesMap type="ModelRefInfoRepo.VarTsUIDMap" uuid="6c3d9c58-b660-486f-8d53-4fd4b059867a"/>
    <controllableOutputRatesMap type="ModelRefInfoRepo.VarTsUIDMap" uuid="b90b9ec2-dffc-4781-847a-d787cc54850f"/>
    <dataPortGroup type="ModelRefInfoRepo.DataPortGroup" uuid="76e0e855-bfed-4055-b0c2-4c1556388b37"/>
    <expFcnUnconnectedDataPortGroup type="ModelRefInfoRepo.DataPortGroup" uuid="2ed3c099-060f-41b7-80ef-4be7b2dfbf94"/>
    <interfaceParameterInfo type="ModelRefInfoRepo.InterfaceParameterInfo" uuid="12109734-422a-4a9e-ac76-56a326d2455b">
      <globalVariables type="ModelRefInfoRepo.BuiltinParameter" uuid="28d5f2db-7fc9-4688-9d44-5753fc1fa2f9">
        <dimensions>1</dimensions>
        <dimensions>3</dimensions>
        <isUsed>true</isUsed>
        <numDimensions>2</numDimensions>
        <parameterName>a11</parameterName>
      </globalVariables>
      <globalVariables type="ModelRefInfoRepo.BuiltinParameter" uuid="0f6fe138-6b9b-4cc4-a23b-663a1fc91f18">
        <dimensions>1</dimensions>
        <dimensions>3</dimensions>
        <isUsed>true</isUsed>
        <numDimensions>2</numDimensions>
        <parameterName>a12</parameterName>
      </globalVariables>
      <globalVariables type="ModelRefInfoRepo.BuiltinParameter" uuid="69ccc877-a7cb-4730-b057-3bd604e27e3d">
        <dimensions>1</dimensions>
        <dimensions>2</dimensions>
        <isUsed>true</isUsed>
        <numDimensions>2</numDimensions>
        <parameterName>a13</parameterName>
      </globalVariables>
      <globalVariables type="ModelRefInfoRepo.BuiltinParameter" uuid="892d0c4d-d764-4bb5-bd80-751818b664c4">
        <dimensions>1</dimensions>
        <dimensions>3</dimensions>
        <isUsed>true</isUsed>
        <numDimensions>2</numDimensions>
        <parameterName>a14</parameterName>
      </globalVariables>
    </interfaceParameterInfo>
    <messageInfo type="ModelRefInfoRepo.MessageInformation" uuid="31c74641-b709-4907-90ef-69f0334edec5"/>
    <methodInfo type="ModelRefInfoRepo.MethodExistenceInfo" uuid="5337b356-1654-4303-9633-bd2d9ab462fe">
      <hasDerivMethod>true</hasDerivMethod>
      <hasDisableMethod>true</hasDisableMethod>
      <hasForcingFunctionMethod>true</hasForcingFunctionMethod>
      <hasProjectionMethod>true</hasProjectionMethod>
      <hasSystemInitializeMethod>true</hasSystemInitializeMethod>
      <hasSystemResetMethod>true</hasSystemResetMethod>
      <hasTerminateMethod>true</hasTerminateMethod>
      <hasUpdateMethod>true</hasUpdateMethod>
    </methodInfo>
    <periodicEventPortUnsupportedBlockInfo type="ModelRefInfoRepo.PeriodicEventPortUnsupportedBlockInfo" uuid="826b1369-a82f-4a32-b8c3-52eed55f4a90"/>
    <portGroupsRequireSameRate type="ModelRefInfoRepo.PortGroupsRequireSameRate" uuid="a276f33c-8014-426d-a148-6503af2e3755">
      <DSMPortGroups type="ModelRefInfoRepo.NameToPortGroupIdxVectMap" uuid="73b7b667-9fe9-470e-a83a-524ec9ddf316"/>
      <GlobalDSMPortGroups type="ModelRefInfoRepo.NameToPortGroupIdxVectMap" uuid="1ceb7ca3-17c1-4199-a4ca-4dbbfc98aa90"/>
      <mergedPortGroups type="ModelRefInfoRepo.NameToPortGroupIdxVectMap" uuid="b01187b6-e67f-4ec6-9f85-3de3eda838d1"/>
    </portGroupsRequireSameRate>
    <rateBasedMdlGlobalDSMRateSpec type="ModelRefInfoRepo.GlobalDSMRateSpecMap" uuid="b861d26c-6b42-4070-ad45-04af6d54f60f"/>
    <rateSpecOfGlobalDSMAccessedByDescExpFcnMdlMap type="ModelRefInfoRepo.GlobalDSMRateSpecMap" uuid="63620c3d-0708-445b-a805-7c359eb353d0"/>
    <rootBlockDiagramInterface type="ci.Model" uuid="b51e4adc-e94d-4ee4-b805-af82d5b06eef">
      <p_RootComponentInterface type="ci.ComponentInterface" uuid="2aa63449-6c60-4907-89ba-0a465fa0bf13">
        <p_Name>series_link_blance_leg</p_Name>
        <p_Type>ROOT</p_Type>
      </p_RootComponentInterface>
    </rootBlockDiagramInterface>
    <simulinkFunctions type="ModelRefInfoRepo.SimulinkFunctions" uuid="48cdd340-fe6a-41ab-ae5b-ea6eee726a53">
      <compSimulinkFunctionCatalog></compSimulinkFunctionCatalog>
    </simulinkFunctions>
    <sltpContext type="sltp.mm.core.Context" uuid="0dc6ed62-ed48-4c49-a852-42058b2c7e86">
      <priorityDirection>HighNumberLast</priorityDirection>
      <editorState type="sltp.mm.core.EditorState" uuid="c10c48b9-050a-4c2e-9625-e1abca4feaad">
        <isSynchronized>true</isSynchronized>
        <panelState type="sltp.mm.core.EditorPanelState" uuid="5201ec29-d860-4a9c-91ad-6517356a39e8"/>
      </editorState>
      <rootTask type="sltp.mm.core.Task" uuid="051b139f-a4c2-48f1-877c-9edac67d81fa">
        <context type="sltp.mm.core.Context" uuid="0dc6ed62-ed48-4c49-a852-42058b2c7e86"/>
        <explicit>false</explicit>
        <name>Default</name>
        <priority>-2147483648</priority>
        <subgraph type="sltp.mm.core.Graph" uuid="cf47f0f3-4ddf-4a4d-9fbb-44ac52761bc2">
          <tasks type="sltp.mm.core.Task" uuid="a9f1e6f3-69e5-4ca9-95e1-2c590684339f">
            <baseTask>true</baseTask>
            <context type="sltp.mm.core.Context" uuid="0dc6ed62-ed48-4c49-a852-42058b2c7e86"/>
            <explicit>false</explicit>
            <id>1</id>
            <isTimed>true</isTimed>
            <name>Cont</name>
            <priority>40</priority>
            <rates type="sltp.mm.core.Rate" uuid="134329da-8b38-4106-bc8d-d620401a8c66">
              <annotation>Cont</annotation>
              <color>255</color>
              <hasBlocks>true</hasBlocks>
              <identifier>Continuous00</identifier>
              <rateSpec type="sltp.mm.core.RateSpec">
                <period>0.0</period>
              </rateSpec>
              <sti>0</sti>
            </rates>
            <rates type="sltp.mm.core.Rate" uuid="380879d5-b843-4dd6-a412-9aac56514dd6">
              <annotation>FiM</annotation>
              <color>-2139062017</color>
              <hasBlocks>true</hasBlocks>
              <rateSpec type="sltp.mm.core.RateSpec">
                <offset>1.0</offset>
                <period>0.0</period>
              </rateSpec>
              <sti>1</sti>
            </rates>
          </tasks>
        </subgraph>
      </rootTask>
    </sltpContext>
    <stateWriterToOwnerMap type="ModelRefInfoRepo.StateWriterInfo" uuid="c23273ac-6858-44ef-a377-4be046527837"/>
    <stoClientDataRegistry type="sto.ClientDataRegistry" uuid="ea80fe7e-1488-4aed-9eca-5c8f293db2b1">
      <dataSets type="sto.ClientClockNamedDataSet" uuid="31fb0d64-c5c8-48ca-9cf2-06d27aface45">
        <tag>sltpEvents</tag>
      </dataSets>
      <dataSets type="sto.ClientTaskHierarchyElementNamedDataSet" uuid="f1ee255b-95e8-4496-92da-d2c4151306f8">
        <tag>sltpTaskGroups</tag>
      </dataSets>
      <dataSets type="sto.ClientTaskHierarchyElementNamedDataSet" uuid="2104496a-bd41-44cc-842f-8ffc56c49ae8">
        <dSet type="ModelRefInfoRepo.SltpTaskData" uuid="b861f690-c2f2-4c5c-9b92-5ed6a6591d44"/>
        <tSet type="ModelRefInfoRepo.SltpTaskData" uuid="b861f690-c2f2-4c5c-9b92-5ed6a6591d44">
          <dataName>Cont</dataName>
          <linkedSet type="sto.ClientTaskHierarchyElementNamedDataSet" uuid="2104496a-bd41-44cc-842f-8ffc56c49ae8"/>
          <id type="sto.TaskHierarchyElementId">
            <id>_task0</id>
          </id>
        </tSet>
        <tag>sltpTasks</tag>
      </dataSets>
    </stoClientDataRegistry>
    <typeTable type="type_info.TypeTable" uuid="c49fdcc8-c9e2-45ed-a597-785e4e8a5035">
      <Types type="type_info.Type" uuid="8de60de8-cce1-4151-95da-3ce9e87c1916">
        <Name>action</Name>
      </Types>
      <Types type="type_info.NumericType" uuid="9c8a326d-bc52-4293-944d-746a5a432d20">
        <MxClassId>3</MxClassId>
        <Size>1</Size>
        <typeEnum>NUMERIC</typeEnum>
        <Name>boolean</Name>
      </Types>
      <Types type="type_info.NumericType" uuid="6905ee56-d18e-4f23-a727-2a5a6669a667">
        <DataTypeId>1</DataTypeId>
        <MxClassId>6</MxClassId>
        <Size>8</Size>
        <typeEnum>NUMERIC</typeEnum>
        <Name>double</Name>
      </Types>
      <Types type="type_info.Type" uuid="78bd76dd-0fe6-4f02-8547-003103af77e5">
        <Name>fcn_call</Name>
      </Types>
      <Types type="type_info.NumericType" uuid="eb0e0123-cd88-448b-9a20-5b8111820a9f">
        <MxClassId>10</MxClassId>
        <Size>2</Size>
        <typeEnum>NUMERIC</typeEnum>
        <Name>int16</Name>
      </Types>
      <Types type="type_info.NumericType" uuid="29b6074d-3167-445f-bd04-f11eb566e7e3">
        <MxClassId>12</MxClassId>
        <Size>4</Size>
        <Name>int32</Name>
      </Types>
      <Types type="type_info.FixedPointType" uuid="357c6e32-482c-4318-bd9f-1280c3127597">
        <DataTypeId>15</DataTypeId>
        <Size>8</Size>
        <typeEnum>FIXPOINT</typeEnum>
        <Name>int64</Name>
      </Types>
      <Types type="type_info.NumericType" uuid="b0309004-af1a-466c-8264-db806a7712a9">
        <MxClassId>8</MxClassId>
        <Size>1</Size>
        <typeEnum>NUMERIC</typeEnum>
        <Name>int8</Name>
      </Types>
      <Types type="type_info.Type" uuid="51c7889b-c996-4e54-b868-dba01976e678">
        <Name>integer</Name>
      </Types>
      <Types type="type_info.Type" uuid="0b170ff9-b511-405f-814d-64554a985431">
        <Name>physical_connection</Name>
      </Types>
      <Types type="type_info.Type" uuid="aeece8e2-9874-4b2c-b52d-4235f8fb8029">
        <Name>pointer</Name>
      </Types>
      <Types type="type_info.NumericType" uuid="2270f631-ed7f-48c6-b641-d6628bcf662f">
        <MxClassId>7</MxClassId>
        <Size>4</Size>
        <typeEnum>NUMERIC</typeEnum>
        <Name>single</Name>
      </Types>
      <Types type="type_info.Type" uuid="9a513840-f477-424e-8721-756aa09c4941">
        <Name>timer_uint32_pair</Name>
      </Types>
      <Types type="type_info.NumericType" uuid="cab89bfc-5e2f-42f1-8515-e2b61c186f95">
        <MxClassId>11</MxClassId>
        <Size>2</Size>
        <typeEnum>NUMERIC</typeEnum>
        <Name>uint16</Name>
      </Types>
      <Types type="type_info.NumericType" uuid="32adf8f1-2425-426a-89a9-a3ffe1522921">
        <MxClassId>13</MxClassId>
        <Size>4</Size>
        <typeEnum>NUMERIC</typeEnum>
        <Name>uint32</Name>
      </Types>
      <Types type="type_info.FixedPointType" uuid="89dffd17-0018-4058-8504-74c28a9c1d63">
        <DataTypeId>16</DataTypeId>
        <Size>8</Size>
        <typeEnum>FIXPOINT</typeEnum>
        <Name>uint64</Name>
      </Types>
      <Types type="type_info.NumericType" uuid="e586c5ef-fc55-4752-b464-a6ae327f686f">
        <MxClassId>9</MxClassId>
        <Size>1</Size>
        <typeEnum>NUMERIC</typeEnum>
        <Name>uint8</Name>
      </Types>
      <isInitialized>true</isInitialized>
    </typeTable>
    <varTsUIDMap type="ModelRefInfoRepo.VarTsUIDMap" uuid="2cde09d4-8a40-4bd3-8f4b-14d48ceb06fd"/>
  </ModelRefInfoRepo.ModelRefInfoRoot>
</MF0>